start_date,end_date,total_days,profit_days,loss_days,capital,end_balance,max_drawdown,max_ddpercent,max_drawdown_duration,total_net_pnl,daily_net_pnl,total_commission,daily_commission,total_slippage,daily_slippage,total_turnover,daily_turnover,total_trade_count,daily_trade_count,total_return,annual_return,daily_return,return_std,sharpe_ratio,ewm_sharpe,return_drawdown_ratio,rgr_ratio,ts_code
2021-10-08,2025-12-31,1030,174,201,69444.44444444444,156780.57132462904,-47133.18174360921,-28.79293466438222,524,87336.12688018454,84.79235619435393,2052.326132027137,1.9925496427447933,1654.0,1.6058252427184465,2565407.665033921,2490.6870534309915,78,0.07572815533980583,125.76402270746586,29.304238300768745,0.07906020587092583,1.843232747031234,0.6644822498493446,0.6345920679630634,4.367877889954718,0.8113689226253584,000021.SZ
2021-10-08,2025-12-31,1030,143,159,69444.44444444444,57897.01656070695,-61536.93349042181,-51.52382003950997,441,-11547.427883737491,-11.211095032754846,2269.41510629222,2.203315637176913,2082.0,2.021359223300971,2836768.8828652753,2754.144546471141,87,0.08446601941747572,-16.628296152581978,-3.8745544433200725,-0.017656428795897863,1.8282460484640524,-0.14961455486248043,-0.25448275075214216,-0.32273026611440914,-0.08262554260407974,000062.SZ
2021-10-08,2025-12-31,1030,135,176,69444.44444444444,24673.029057071042,-49462.22604588474,-66.71889909489592,1142,-44771.41538737335,-43.46739357997413,2661.6515391065495,2.5841277078704366,2219.0,2.154368932038835,3327064.4238831867,3230.1596348380453,88,0.0854368932038835,-64.4708381578177,-15.022331221239074,-0.1004676083861598,2.4241650441837095,-0.6420509610869511,-0.636606193939403,-0.9663054851387648,-0.19766811333574394,000636.SZ
2021-10-08,2025-12-31,1030,115,133,69444.44444444444,56316.95391199912,-30991.121600000006,-35.67243085664884,266,-13127.490532445325,-12.745136439267306,1407.4534249286394,1.3664596358530479,616.0,0.5980582524271845,1759316.7811607993,1708.07454481631,66,0.06407766990291262,-18.90358636672126,-4.404719153410779,-0.020342858969164643,1.589241263053149,-0.19830231150796884,-0.3666619688004999,-0.5299214523026512,-0.09524614607186067,000818.SZ
2021-10-08,2025-12-31,1030,203,210,69444.44444444444,61628.25137875347,-45990.461392120225,-57.87254374598992,820,-7816.193065690974,-7.588536956981528,2710.426453472721,2.631481993662836,3480.0,3.378640776699029,3388033.0668409015,3289.3524920785453,89,0.08640776699029126,-11.255318014594994,-2.6225983723328143,-0.011592881623216526,2.583565712394414,-0.06951483718160943,0.32000430156474086,-0.19448459124236944,-0.04831923755860736,000823.SZ
2021-10-08,2025-12-31,1030,167,182,69444.44444444444,106794.55290939208,-34477.72618496057,-24.772365609597987,276,37350.108464947654,36.26224122810452,1973.3237259793555,1.9158482776498598,1052.0,1.021359223300971,2466654.6574741947,2394.810347062325,76,0.07378640776699029,53.78415618952461,12.532230568432919,0.04178445146642548,1.6204476511991948,0.3994710586056071,0.04280967152251239,2.171135249541371,0.5538399750655848,000938.SZ
2021-10-08,2025-12-31,1030,192,183,69444.44444444444,248480.6897399063,-67932.08171326187,-30.31371310894627,542,179036.24529546185,173.8215973742348,1654.201906770451,1.6060212687091757,646.0,0.6271844660194175,2067752.3834630635,2007.5265858864693,66,0.06407766990291262,257.8121932254651,60.07274405253555,0.123770685711947,1.6303191256041818,1.1761177231688202,1.3466933065884437,8.504804155759421,1.617452995405294,000988.SZ
2021-11-17,2025-12-31,998,145,179,69444.44444444444,127908.58562649028,-68536.37082612218,-43.742542150451214,466,58464.14118204583,58.58130378962508,1690.2231022924293,1.693610322938306,3204.0,3.2104208416833666,2112778.8778655366,2117.012903672882,75,0.07515030060120241,84.18836330214603,20.245698589694438,0.06120127871564008,1.9761844640419275,0.4797761292940587,0.6072833426178873,1.924633529815953,0.3847566789746651,001267.SZ
2022-07-01,2025-12-31,852,185,198,69444.44444444444,132509.66458469123,-27803.267199999944,-23.74222738077616,8,63065.220140246776,74.02021143221452,1283.1613215680152,1.506057889164337,340.0,0.39906103286384975,1603951.6519600188,1882.572361455421,81,0.09507042253521127,90.81391700195537,25.581385070973344,0.07583667965116256,1.7511487467649405,0.670906335885458,1.248110236317526,3.824995673130756,1.1694282027588234,001309.SZ
2024-04-02,2025-12-31,426,83,81,69444.44444444444,69362.43844527162,-18163.336110369266,-22.955300390919433,148,-82.0059991728167,-0.19250234547609554,629.7862059675037,1.478371375510572,142.0,0.3333333333333333,787232.7574593796,1847.964219388215,37,0.08685446009389672,-0.11808863880885534,-0.06652881059653822,-0.00027736717930029037,1.7935784063391529,-0.0023957435312954374,0.15831124253872883,-0.005144286365146778,-0.0029774602720115916,001389.SZ
2021-10-08,2025-12-31,1030,146,184,69444.44444444444,48257.199738666124,-32143.26567476547,-46.16927721451888,1454,-21187.244705778307,-20.5701404910469,1887.5728205079176,1.8325949713669103,438.0,0.42524271844660194,2359466.025634897,2290.743714208638,95,0.09223300970873786,-30.509632376320774,-7.109040553705811,-0.03533806197721472,1.6709169377408024,-0.3276374125695263,0.2909523888223585,-0.6608210961276733,-0.16469770512221502,002025.SZ
2021-10-08,2025-12-29,1028,109,152,69444.44444444444,94599.63642910757,-25931.074489921244,-26.343466998201865,259,25155.19198466312,24.470031113485526,1422.2504622384854,1.383512122800083,237.0,0.23054474708171208,1777813.0777981067,1729.390153500104,65,0.0632295719844358,36.22347645791493,8.456842752820606,0.030070677082311034,1.3569541491535706,0.34330778713965576,0.5390106447858735,1.3750459064627842,0.2612844885155406,002049.SZ
2021-10-08,2025-12-31,1030,175,191,69444.44444444444,180298.43699440185,-37719.99999999997,-21.04195969396513,4,110853.99254995743,107.62523548539556,1509.423667026413,1.4654598708994302,853.0,0.8281553398058252,1886779.583783016,1831.8248386242874,65,0.06310679611650485,159.6297492719387,37.19528138375271,0.09262974649080331,1.8199205160053455,0.7885035909364789,1.2130253653031668,7.586258675218391,1.2982393609214768,002156.SZ
2021-10-08,2025-12-31,1030,122,176,69444.44444444444,35301.322030502495,-35976.522770143056,-50.664010495634614,1295,-34143.12241394194,-33.14866253780771,2218.4038888159607,2.1537901833164668,696.0,0.6757281553398058,2773004.8610199504,2692.2377291455828,85,0.0825242718446602,-49.1660962760764,-11.456177773066347,-0.06568996678380495,1.7446524740076876,-0.5833050447741466,-0.41636186072267495,-0.9704343535992422,-0.14798113840245966,002179.SZ
2021-10-08,2025-12-31,1023,156,179,69444.44444444444,39014.70862807438,-48071.017551343015,-55.1996517228383,1193,-30429.73581637005,-29.745587308279617,1979.536553597003,1.9350308441808435,1956.0,1.9120234604105573,2474420.691996253,2418.7885552260536,88,0.08602150537634409,-43.81881957557289,-10.28007497374144,-0.05636249785552056,1.9070663875300313,-0.4578571925391766,-1.0241845752259455,-0.7938242037393742,-0.2046703028579435,002184.SZ
2021-10-08,2025-12-31,1020,133,151,69444.44444444444,83240.65921424987,-30538.46884875893,-38.495498837774306,716,13796.21476980545,13.525700754711226,2042.1868786812106,2.0021439987070693,2700.0,2.6470588235294117,2552733.598351513,2502.6799983838364,69,0.06764705882352941,19.86654926851983,4.674482180828195,0.017765573385751705,1.827472688248762,0.15060311500420295,0.45321656721885023,0.5160746027020039,0.11216754507427326,002185.SZ
2021-10-08,2025-12-31,1030,197,200,69444.44444444444,178558.13533661352,-28492.468388641893,-17.2724929094781,238,109113.69089216908,105.93562222540687,1603.2641733357045,1.5565671585783538,752.0,0.7300970873786408,2004080.2166696307,1945.7089482229424,71,0.06893203883495146,157.12371488472348,36.61135104110062,0.091688074170382,1.4976206541677781,0.9484548261790664,0.8131809327800605,9.096759553364963,1.4337283390700135,002281.SZ
2021-10-08,2025-12-31,1030,192,223,69444.44444444444,125938.71143729927,-30650.68780232899,-34.47002191097828,482,56494.2669928548,54.84880290568427,1496.8858418874545,1.453287225133451,782.0,0.7592233009708738,1871107.302359318,1816.6090314168134,86,0.08349514563106795,81.35174446971097,18.955746284204498,0.05779303874250487,1.5215909511474406,0.5884143209649053,1.128000083934324,2.3600723167455087,0.6175345763288986,002384.SZ
2021-10-08,2025-12-31,1030,179,179,69444.44444444444,113563.35817457907,-32220.385054163606,-35.72353141684914,220,44118.913730134605,42.8338968253734,2193.873786504955,2.129974550004811,1421.0,1.379611650485437,2742342.2331311936,2662.4681875060132,80,0.07766990291262135,63.53123577139388,14.80339474284906,0.04775085733746637,2.3028603773247855,0.3212322849550693,1.158853045591917,1.7784142063130166,0.3431132385206813,002396.SZ
2021-10-08,2025-12-31,1025,140,210,69444.44444444444,75247.78896615368,-54980.878089219856,-69.63044260729103,859,5803.344521709198,5.661799533374827,3027.877458110801,2.9540267884007814,8357.0,8.153170731707316,3784846.8226385014,3692.533485500977,101,0.09853658536585366,8.356816111261312,1.9567179187343557,0.007830190076833393,2.8246990058399932,0.042944321787936585,0.9495995544596844,0.12001670244138683,0.016325257492388685,002429.SZ
2021-10-08,2025-12-31,1030,162,208,69444.44444444444,74382.1364524459,-29370.98545643731,-28.308531749272213,414,4937.692008001441,4.793875735923729,1761.9523500445184,1.7106333495577848,1743.0,1.692233009708738,2202440.437555648,2138.291686947231,92,0.08932038834951456,7.110276491522116,1.6567634543352503,0.0066688096275995855,1.6081388646933699,0.06424367744298162,-0.39956011137828035,0.251170797358818,0.06974339478607249,002436.SZ
2021-10-08,2025-12-31,1030,172,235,69444.44444444444,93974.82823181587,-34513.7344,-39.93912983960956,83,24530.38378737143,23.815906589681,1960.43382352948,1.9033338092519223,708.0,0.6873786407766991,2450542.27941185,2379.167261564903,88,0.0854368932038835,35.323752653814864,8.230777317393756,0.029368921285549677,1.925581017241396,0.2362826430392692,1.0592275479686886,0.8844397160296315,0.2679564026444519,002475.SZ
2021-10-08,2025-12-31,1025,162,223,69444.44444444444,22816.408238377226,-50079.81505324448,-68.70015042192232,1098,-46628.036206067234,-45.4907670303095,3308.5971751808875,3.227899683103305,8402.0,8.197073170731707,4135746.4689761093,4034.874603879131,112,0.10926829268292683,-67.14437213673679,-15.721609085674956,-0.10858996445781649,2.621127780983257,-0.6418109440702083,-0.9653578143161303,-0.9773540774564436,-0.21189114719019303,002515.SZ
2021-10-08,2025-12-31,1030,136,171,69444.44444444444,100485.35959134935,-68477.72034511808,-53.13488865504866,1030,31040.915146904896,30.136810822237763,1693.2494989151244,1.643931552344781,2328.0,2.2601941747572813,2116561.873643906,2054.9144404309764,82,0.07961165048543689,44.69891781154307,10.415281820165374,0.035872327065946175,1.9923737962117505,0.27892943699676975,0.48121619077422456,0.8412348071664955,0.2225180914513485,002579.SZ
2021-10-08,2025-12-31,1030,187,211,69444.44444444444,132518.70058326985,-30579.38129492216,-25.772457266619362,70,63074.25613882544,61.2371418823548,2262.818903773714,2.196911557061858,4414.0,4.285436893203883,2828523.6297171414,2746.139446327322,88,0.0854368932038835,90.82692883990859,21.163556234541808,0.06273754364512481,2.100148434305001,0.46278912052221455,1.0095561313123937,3.524185835300546,0.6883270512510956,002600.SZ
2021-10-08,2025-12-31,1030,213,223,69444.44444444444,125577.13135291816,-45037.89051567766,-39.86896480887586,8,56132.686908473726,54.49775428007158,2039.1414797097693,1.9797490094269605,2142.0,2.079611650485437,2548926.8496372113,2474.6862617837005,89,0.08640776699029126,80.83106914820218,18.83442387919274,0.05751389221753326,2.5752265029501578,0.34598952205391453,1.203669484683763,2.027418307339826,0.3731417144335664,002792.SZ
2021-10-08,2025-12-31,1030,205,246,69444.44444444444,57441.52844444441,-79107.40480000002,-70.29508697762694,1092,-12002.916000000008,-11.653316504854377,2373.916,2.3047728155339806,2766.0,2.6854368932038835,2967395.0,2880.9660194174758,112,0.1087378640776699,-17.284199040000036,-4.027386184077678,-0.01842325617528019,3.0991166818245044,-0.09209458265090734,0.6585408999796442,-0.24588061247439866,-0.08103428790405019,002796.SZ
2021-10-08,2025-12-31,1030,178,182,69444.44444444444,78355.68155892141,-38498.30783471266,-47.73041537117152,799,8911.237114476979,8.651686518909688,2228.2534348810777,2.1633528493991045,2618.0,2.541747572815534,2785316.793601347,2704.1910617488807,84,0.08155339805825243,12.832181444846835,2.990022860935185,0.01172149600809969,2.2900591828632844,0.07929429801940104,0.6211798989819034,0.2688470516139126,0.0658247311464558,002815.SZ
2021-10-08,2025-12-31,1030,156,196,69444.44444444444,92535.01141577617,-46270.231823587805,-36.290168175171324,1079,23090.56697133178,22.41802618575901,1430.0492134994556,1.3883972946596657,423.0,0.41067961165048544,1787561.5168743196,1735.4966183245822,81,0.07864077669902912,33.25041643871769,7.747669849798297,0.02786990313559605,1.4150702129546082,0.30511467124787767,0.2540364906002791,0.9162375957647575,0.30862235293700213,002897.SZ
2021-10-08,2025-12-31,1030,141,165,69444.44444444444,87774.79730362537,-43110.193431968335,-32.93746149935332,1252,18330.352859180977,17.79645908658347,1580.8902055482167,1.5348448597555502,1037.0,1.0067961165048545,1976112.7569352707,1918.5560746944377,84,0.08155339805825243,26.39570811722054,6.1504562603232324,0.022742460231006303,1.4957821329471896,0.2355454522054562,-1.0358290927492557,0.8013886594672386,0.1756308284022021,002902.SZ
2021-10-08,2025-12-31,1030,143,183,69444.44444444444,48744.66665774545,-36422.5976558903,-42.76595937349938,1283,-20699.77778669898,-20.096871637571827,1705.8484890588566,1.6561635816105404,672.0,0.6524271844660194,2132310.611323571,2070.2044770131756,86,0.08349514563106795,-29.80768001284654,-6.945478837944824,-0.034362260469276575,1.2885429921128384,-0.41313161718362085,-1.3109524845481393,-0.696995471386931,-0.18379326758493203,002906.SZ
2021-10-08,2025-12-31,1030,181,223,69444.44444444444,119920.98679687013,-33489.57155235609,-48.07833152413986,796,50476.54235242566,49.00635179847151,1809.5920589810469,1.756885494156356,823.0,0.7990291262135922,2261990.0737263085,2196.106867695445,81,0.07864077669902912,72.686220987493,16.936595181551766,0.05303941846149682,2.0495549512567135,0.4009080786400906,0.9754264221993156,1.511829106444712,0.414241387395971,002938.SZ
2021-10-08,2025-12-31,1030,149,186,69444.44444444444,61247.9667521193,-47463.71191555804,-57.36307738227764,939,-8196.477692325157,-7.957745332354522,2156.9078609816183,2.094085301923901,1640.0,1.5922330097087378,2696134.8262270233,2617.606627404877,91,0.0883495145631068,-11.8029278769482,-2.7501967868617165,-0.012193827127194804,2.906979788635675,-0.06498358134415841,0.37989685348385765,-0.20575827545463457,-0.043776929927344804,002957.SZ
2021-10-08,2025-12-31,1030,151,191,69444.44444444444,90524.25867444661,-58959.930584714195,-43.36225428259267,878,21079.814230002194,20.465839058254556,1765.450314855099,1.7140294318981544,734.0,0.7126213592233009,2206812.8935688734,2142.5367898726927,80,0.07766990291262135,30.354932491203137,7.07299397853277,0.025736970294914077,1.45320477241018,0.27436974947093545,0.08911080544506407,0.7000312366921572,0.1548789942520296,003028.SZ
2021-10-08,2025-12-31,1020,156,174,69444.44444444444,118708.82216063983,-26469.926188003403,-23.264924210125386,678,49264.37771619539,48.298409525681755,1208.0148859183091,1.184328319527754,269.0,0.26372549019607844,1510018.6073978862,1480.4103994096924,66,0.06470588235294118,70.94070391132136,16.691930332075614,0.05256338721829899,1.26383763010365,0.6443141696929153,0.7417900157087238,3.0492557495823034,0.7608382121015485,003031.SZ
2021-10-08,2025-12-31,1030,187,208,69444.44444444444,141807.59628316393,-48988.512064171504,-54.99054107664961,233,72363.15183871952,70.2554872220578,2563.121128845977,2.4884671153844438,4104.0,3.984466019417476,3203901.4110574718,3110.583894230555,98,0.09514563106796116,104.2029386477561,24.280296383943167,0.06931496220059553,2.989003166786512,0.3592578251223746,1.3578852547638485,1.8949247744718651,0.33877128718173716,300102.SZ
2021-10-08,2025-12-31,1010,190,214,69444.44444444444,86901.57484444446,-46625.97280000001,-49.35395186050124,576,17457.130400000045,17.28428752475252,2252.8696,2.2305639603960397,4715.0,4.6683168316831685,2816087.0,2788.2049504950496,95,0.09405940594059406,25.138267776000035,5.973449768554463,0.022202879425513494,2.6720232455213107,0.12872849425542804,0.740085422437437,0.5093466040379756,0.07503797558548589,300131.SZ
2021-10-08,2025-12-31,1030,175,229,69444.44444444444,58168.22604444447,-62958.1584,-55.876076846449216,833,-11276.218399999985,-10.947784854368917,2223.2183999999997,2.158464466019417,2994.0,2.9067961165048546,2779023.0,2698.080582524272,113,0.10970873786407767,-16.23775449599996,-3.783554445669893,-0.017202700096907594,2.6194913550344365,-0.10173848576682622,-0.16331274234709886,-0.2906029809612846,-0.044125873017716394,300252.SZ
2021-10-08,2025-12-31,1030,164,193,69444.44444444444,70530.77644444445,-42812.798399999985,-58.75879782933492,981,1086.332000000013,1.054691262135935,1844.6680000000001,1.7909398058252428,5520.0,5.359223300970874,2305835.0,2238.6747572815534,86,0.08349514563106795,1.5643180800000156,0.36450130019417837,0.0015069987836045997,2.7414545584815557,0.008516035655011158,0.31662820196246033,0.02662270396585685,0.005880455129233068,300287.SZ
2021-10-08,2025-12-31,1030,163,204,69444.44444444444,65583.31174569912,-43860.230747931986,-46.641622885717325,549,-3861.132698745304,-3.7486725230536933,2790.3092269573026,2.7090380844245656,6736.0,6.539805825242718,3487886.5336966277,3386.2976055307067,94,0.0912621359223301,-5.560031086193263,-1.295541223967362,-0.00555396144992747,2.610953386330551,-0.032954093035384185,-0.1297965149693671,-0.11920749627037237,-0.016872359646987946,300303.SZ
2021-10-08,2025-12-31,1030,199,216,69444.44444444444,239244.44166525063,-26732.41278937552,-26.63787381761994,6,169799.99722080622,164.85436623379246,1382.0024153423992,1.3417499178081547,450.0,0.4368932038834951,1727503.019177999,1677.1873972601934,72,0.06990291262135923,244.51199599796095,56.97366897039867,0.12009308012950076,1.8201027556879297,1.0221807486039702,1.8541981140374275,9.179110828140704,1.7614297944933501,300308.SZ
2021-10-08,2025-12-31,1030,182,225,69444.44444444444,19860.646844444454,-52676.84079999997,-72.62016167172071,1417,-49583.79759999999,-48.13960932038834,2620.7976,2.5444636893203882,6714.0,6.518446601941748,3275997.0,3180.5796116504853,115,0.11165048543689321,-71.40066854399998,-16.63704898112621,-0.12153270331066368,3.383420230251756,-0.5564713856507782,-1.069989548292556,-0.98320723749923,-0.1974649901890429,300310.SZ
2021-10-08,2025-12-31,1030,141,176,69444.44444444444,41165.54855222834,-62114.45335461962,-60.141801130719315,1287,-28278.895892216093,-27.455238730306885,1645.6079098566704,1.5976775823851168,1210.0,1.174757281553398,2057009.8873208382,1997.0969779813963,85,0.0825242718446602,-40.72161008479118,-9.488530505194062,-0.05076945301395456,2.187421499105209,-0.35956352463307045,-0.6211334859158043,-0.6770932915075492,-0.08388546375359418,300351.SZ
2021-10-08,2025-12-31,1030,202,220,69444.44444444444,212234.769662391,-43263.300599768176,-17.808204221522985,8,142790.3252179467,138.63138370674437,1132.9168363852627,1.0999192586264688,538.0,0.5223300970873787,1416146.0454815784,1374.899073283086,72,0.06990291262135923,205.61806831384305,47.911006209050804,0.10846271782719774,1.759097881011419,0.9552039243833397,1.466973036514035,11.546255071880475,1.945767689563479,300394.SZ
2021-10-08,2025-12-31,1030,142,198,69444.44444444444,61705.65185057945,-35290.85175885956,-47.28924383399714,989,-7738.792593865008,-7.513390867830105,2073.351597834717,2.012962716344385,802.0,0.7786407766990291,2591689.497293396,2516.2033954304816,83,0.08058252427184466,-11.143861335165584,-2.596627883922078,-0.011471023647349286,1.858351615557822,-0.09562686238319772,0.3825924290311506,-0.23565319365825954,-0.020446284244381455,300408.SZ
2021-10-08,2025-12-31,1030,157,168,69444.44444444444,68299.11762183897,-30405.417474662427,-36.50511175835142,728,-1145.3268226054552,-1.1119677889373352,1868.3109596430113,1.8138941355757392,1523.0,1.478640776699029,2335388.6995537644,2267.367669469674,86,0.08349514563106795,-1.6492706245518685,-0.384296067856746,-0.0016145849572869627,1.681446813897896,-0.014875904724249323,0.5711517702427081,-0.04517916930290066,-0.009571387803700744,300447.SZ
2021-10-08,2025-12-31,1030,198,223,69444.44444444444,140121.7268444444,-34574.46366978192,-41.95698839675589,1099,70677.28240000003,68.61872077669905,1814.2066965732085,1.7613657248283578,1186.0,1.1514563106796116,2267758.3707165113,2201.707156035448,86,0.08349514563106795,101.77528665599995,23.71462990042717,0.06815383008668688,2.2775642064107284,0.46358060626877773,1.6280214544179585,2.425705241129013,0.5220293035389366,300456.SZ
2021-10-08,2025-12-31,1030,182,212,69444.44444444444,178617.80420043546,-31399.385609143064,-30.911093316723417,360,109173.35975599101,105.99355316115633,1456.0826237937954,1.4136724502852382,780.0,0.7572815533980582,1820103.2797422442,1767.0905628565476,78,0.07572815533980583,157.2096380486271,36.63137197249564,0.09172051248991905,2.08005803629226,0.683119434517843,1.6075640237563362,5.085864690640822,0.6276291887852443,300476.SZ
2021-10-08,2025-12-31,1030,213,213,69444.44444444444,234143.24097096408,-36283.548868972866,-22.26969787267379,314,164698.79652651958,159.90174420050445,1291.6104926693683,1.253990769581911,670.0,0.6504854368932039,1614513.1158367102,1567.4884619773886,77,0.07475728155339806,237.1662669981883,55.262042795694356,0.11800058219196671,1.6891437848791258,1.0822389278245377,1.63201974388746,10.64972988651117,1.5285422569083749,300502.SZ
2021-10-08,2025-12-31,1026,216,200,69444.44444444444,156820.24043874157,-30447.704144967196,-33.73107270861375,532,87375.79599429714,85.16159453635198,1586.0554456800683,1.5458630074854467,789.0,0.7690058479532164,1982569.3071000855,1932.3287593568086,86,0.08382066276803118,125.82114623178788,29.431847071763244,0.07939309080079894,2.2399153260749842,0.5491066825534707,1.00212443294318,3.7301258492042413,0.7151765291633766,300548.SZ
2021-10-08,2025-12-31,1030,195,211,69444.44444444444,191446.11852313275,-35012.2931861988,-17.53056221598371,42,122001.6740786882,118.44822726086232,1394.5146383095018,1.3538977070966036,692.0,0.6718446601941748,1743143.297886877,1692.3721338707544,84,0.08155339805825243,175.6824106733112,40.93570734135407,0.09845430400149464,1.7654463998037222,0.8639443934466077,0.8116368952101042,10.021493236145648,1.2864628119968644,300570.SZ
2021-10-08,2025-12-31,1030,172,187,69444.44444444444,69077.65433654354,-33958.74618659714,-34.853007538761084,604,-366.79010790089797,-0.35610690087465824,1568.033980130378,1.5223630875052214,564.0,0.5475728155339806,1960042.4751629727,1902.9538593815269,85,0.0825242718446602,-0.5281777553773015,-0.12307054494228384,-0.0005141529564836573,1.895525745059525,-0.004202118263082686,-0.39244806953556366,-0.015154438387846416,-0.0027128724230530044,300571.SZ
2021-10-08,2025-12-31,1020,169,200,69444.44444444444,167354.07643111394,-41867.8272,-28.417044082647987,8,97909.63198666948,95.98983528104851,1335.4346657185692,1.309249672273107,448.0,0.4392156862745098,1669293.3321482118,1636.5620903413842,77,0.07549019607843137,140.9898700608041,33.17408707313037,0.08623379545847389,1.9812271789157077,0.6742933011320972,1.0674675197605603,4.961454458484488,0.8018707465017574,300620.SZ
2021-10-08,2025-12-31,1030,165,176,69444.44444444444,105561.93724444446,-43318.2864,-33.581688153710274,595,36117.492799999985,35.06552699029125,1506.5072,1.462628349514563,1086.0,1.054368932038835,1883134.0,1828.285436893204,82,0.07961165048543689,52.00918963200003,12.118646127844666,0.040657358362711796,1.5598804848323549,0.40378804240632044,0.07380408587672356,1.5487366029350074,0.34227464675459823,300657.SZ
2021-10-08,2025-12-31,1030,190,223,69444.44444444444,87861.81060698959,-93884.02664939866,-62.386779870987496,793,18417.36616254513,17.880938021888475,1840.8071889566918,1.7871914455890212,1198.0,1.163106796116505,2301008.9861958646,2233.9893069862765,101,0.09805825242718447,26.521007274065013,6.179652180364664,0.022838657650464066,2.3956157745173585,0.14769270042530186,0.5069844470291985,0.4251062056562148,0.06368479981048412,300684.SZ
2021-10-08,2025-12-31,1030,168,200,69444.44444444444,40098.63142739958,-47252.87483126849,-64.61857667602814,1081,-29345.81301704488,-28.4910805990727,2514.3707538105873,2.441136654185036,2218.0,2.153398058252427,3142963.4422632344,3051.4208177312958,99,0.09611650485436893,-42.25797074454459,-9.846517455039518,-0.053318919190543324,2.7558973873041084,-0.2997256530871932,0.11827510441200066,-0.6539600981372472,-0.1400283410181152,300739.SZ
2021-10-08,2025-12-31,1010,148,173,69444.44444444444,131436.12888701144,-22837.70533497969,-20.29827669318482,249,61991.68444256703,61.377905388680226,934.2622674248578,0.9250121459652058,206.0,0.20396039603960395,1167827.8342810725,1156.2651824565073,65,0.06435643564356436,89.2680255972965,21.21220410232788,0.06316771775599646,1.4036637037067106,0.6971684691735048,0.582364508700727,4.397813023569059,0.7484615916428169,300757.SZ
2021-10-08,2025-12-31,1030,158,216,69444.44444444444,41381.64380583653,-53513.168849592126,-56.39209072881898,1231,-28062.800638607925,-27.245437513211577,1482.6244558999456,1.4394412193203354,816.0,0.7922330097087379,1853280.569874932,1799.3015241504195,91,0.0883495145631068,-40.41043291959539,-9.416023204565915,-0.050261133614189324,2.043744299706995,-0.38098803940819587,-0.8749600962173775,-0.7165975298543733,-0.16727556268183086,300812.SZ
2021-10-08,2025-12-31,1030,180,232,69444.44444444444,39487.066186366,-52140.515088652166,-67.4350677964964,1039,-29957.37825807842,-29.08483326027031,1695.5932908220116,1.6462070784679723,804.0,0.7805825242718447,2119491.6135275145,2057.7588480849654,102,0.09902912621359224,-43.138624691632955,-10.051718374749427,-0.05481105751772679,3.486544069609962,-0.24354467772773122,0.21384542841989385,-0.6397061069444677,-0.12298307388072485,300814.SZ
2021-10-08,2025-12-31,1030,172,198,69444.44444444444,62511.46562621323,-36503.80646716923,-47.55546749574777,700,-6932.978818231193,-6.731047396340964,1872.4980099957907,1.817959233005622,846.0,0.8213592233009709,2340622.512494738,2272.4490412570276,86,0.08349514563106795,-9.98348949825294,-2.3262499801754424,-0.010211367229447658,2.6421206732941593,-0.059873806100386,0.36523788740159424,-0.20993357912306562,-0.04311442461801481,300852.SZ
2021-10-08,2025-12-31,1030,186,212,69444.44444444444,109247.16684811545,-24169.022424002833,-32.35779557924661,633,39802.722403670996,38.643419809389314,1774.265947899753,1.722588298931799,938.0,0.9106796116504854,2217832.434874691,2153.2353736647487,104,0.10097087378640776,57.315920261286266,13.355165886124954,0.04398891538824241,1.762200903969742,0.38671717017644963,0.6924285214892167,1.771317212290169,0.3113732161355754,300857.SZ
2021-10-08,2025-12-31,1030,143,192,69444.44444444444,57782.15494256597,-43049.727101878474,-61.99160702670501,1344,-11662.289501878477,-11.322611166872308,2084.186739447514,2.023482271308266,2422.0,2.3514563106796116,2605233.4243093925,2529.3528391353325,96,0.09320388349514563,-16.793696882705,-3.9130944192710677,-0.017849231301857615,3.6233676127750596,-0.07631549758403196,0.41419300253539754,-0.270902751004189,-0.03215374419638301,300903.SZ
2021-10-08,2025-12-31,1030,181,203,69444.44444444444,150280.94619724125,-35806.65497454684,-29.953601913014367,51,80836.50175279676,78.48204053669588,1461.3596777236407,1.418795803615185,1110.0,1.0776699029126213,1826699.5971545507,1773.4947545189814,80,0.07766990291262135,116.40456252402744,27.12339320948212,0.0749494606324674,2.268401253140985,0.511863608671236,0.5151285341607691,3.8861624342230274,0.5383193352820737,300913.SZ
2021-10-08,2025-12-31,1030,161,177,69444.44444444444,84472.79895935424,-59064.02120698195,-42.21600897830794,833,15028.354514909792,14.59063545136873,1564.433978508045,1.5188679402990728,530.0,0.5145631067961165,1955542.473135056,1898.5849253738409,89,0.08640776699029126,21.64083050147012,5.042523611993038,0.01901966061492149,1.8639337598044932,0.15808035757630035,-0.2887529250503751,0.5126214207645714,0.04859332201238671,300964.SZ
2021-10-08,2025-12-31,1030,132,143,69444.44444444444,104125.92799694178,-27086.098201275236,-22.8361673574014,272,34681.483552497346,33.67134325485179,921.8053688629118,0.8949566687989435,420.0,0.4077669902912621,1152256.7110786398,1118.6958359986795,52,0.05048543689320388,49.94133631559619,11.636816228876782,0.03932756702744517,1.3345286108604721,0.45653577122169603,0.39609209258246647,2.186940371121854,0.2855876091699997,301029.SZ
2021-10-18,2025-12-31,1024,154,191,69444.44444444444,49536.24119203803,-32083.75521038961,-39.30869471275219,917,-19908.203252406413,-19.441604738678137,1333.3314036669212,1.3020814488934778,384.0,0.375,1666664.2545836517,1627.6018111168473,90,0.087890625,-28.667812683465222,-6.719018597687161,-0.03299048099799396,2.0188745449117484,-0.2531540829233412,-0.4847070284291532,-0.7292995326595023,-0.15055290253845874,301085.SZ
2022-08-05,2025-12-31,827,92,127,69444.44444444444,92290.58921608345,-28067.560941962074,-34.393373775816315,258,22846.14477163902,27.62532620512578,940.5082775606403,1.1372530563006533,182.0,0.22007255139056833,1175635.3469508004,1421.5663203758168,56,0.06771463119709795,32.898448471160165,9.547312736491463,0.03439118564145536,2.033901980021073,0.26195262220906873,0.8156157858274592,0.956534496603898,0.22784663410645214,301095.SZ
2022-01-25,2025-12-31,954,145,197,69444.44444444444,61883.1128827974,-60075.250907457536,-70.74224455397379,779,-7561.331561647026,-7.925924068812397,1945.8659699395337,2.039691792389448,1042.0,1.0922431865828093,2432332.462424417,2549.61474048681,98,0.10272536687631027,-10.888317448771733,-2.739199358181568,-0.012083830483093852,3.5108505087469632,-0.05332095354423882,0.7263098477977539,-0.1539153516745477,-0.026510655562015754,301123.SZ
2021-11-10,2025-12-31,1007,160,187,69444.44444444444,86586.71676919374,-49084.27171105875,-64.74464647091041,660,17142.272324749305,17.023110550893055,1479.1103904691392,1.4688285903367817,630.0,0.6256206554121152,1848887.9880864238,1836.035737920977,91,0.0903674280039722,24.68487214763899,5.883187006388638,0.02190857451502898,3.2076710934325505,0.10581077892877262,1.0310163417851892,0.381265069672283,0.08505294630936377,301128.SZ
2022-11-21,2025-12-31,757,161,160,69444.44444444444,165291.79083665134,-29806.0,-28.577048894382166,3,95847.34639220688,126.61472442827856,963.141293873911,1.2723134661478348,332.0,0.4385733157199472,1203926.6173423887,1590.3918326847936,54,0.071334214002642,138.02017880477794,43.75804876241308,0.11455551769925644,2.0753043810847953,0.855145136895003,1.192459314188062,4.829756190532001,0.9008337242884472,301165.SZ
2022-05-24,2025-12-31,879,132,158,69444.44444444444,96084.54466810035,-58034.15335117481,-42.99930503515523,536,26640.100223655918,30.30728125558125,1194.8687130227001,1.35935007169818,410.0,0.4664391353811149,1493585.891278375,1699.1875896227245,71,0.080773606370876,38.36174432206452,10.474196401928879,0.036939864064642954,2.3061153699778667,0.24815320204019295,0.45072861784784474,0.8921480077573544,0.14001853384401292,301183.SZ
2022-09-13,2025-12-31,801,100,117,69444.44444444444,178943.62495786068,-36268.49125532503,-23.97100450752021,43,109499.1805134163,136.70309677080687,769.9378821576764,0.9612208266637658,178.0,0.2222222222222222,962422.3526970956,1201.5260333297074,46,0.05742821473158552,157.6788199393194,47.24459024399083,0.1181702546149421,1.9283377781879927,0.9493594603966583,0.09830297594092297,6.577897888670131,0.6910077202838439,301205.SZ
2023-09-06,2025-12-31,562,86,105,69444.44444444444,98724.33887135188,-36772.694008850056,-35.59511309838705,364,29279.894426907453,52.09945627563604,688.7779612263122,1.2255835609009114,236.0,0.4199288256227758,860972.4515328901,1531.9794511261389,42,0.07473309608540925,42.163047974746725,18.00557208885981,0.06259865446282872,2.3339185619784066,0.4155132919873857,0.7192311883633187,1.184517881940858,0.37226930995883306,301251.SZ
2022-08-26,2025-12-31,812,121,148,69444.44444444444,48920.921970736934,-38223.210357562304,-48.72352516416347,854,-20523.52247370751,-25.275273982398414,1508.7050095696545,1.8580110955291311,755.0,0.9298029556650246,1885881.261962068,2322.513869411414,73,0.08990147783251232,-29.55387236213881,-8.73513468831689,-0.043143093012276264,2.446520894839703,-0.2731919945468057,0.05293263684797056,-0.6065626873787021,-0.17025183497074314,301282.SZ
2022-07-11,2025-12-31,846,141,149,69444.44444444444,105692.7370855897,-33612.18280742313,-38.06062944227716,548,36248.292641145264,42.84668160891875,1056.2123959703076,1.2484780094211674,366.0,0.4326241134751773,1320265.4949628846,1560.5975117764592,60,0.07092198581560284,52.19754140324919,14.807813164042322,0.049646466381240824,2.0979019953064957,0.3666137654147199,0.7751796901396842,1.3714313758896737,0.27970875530012945,301312.SZ
2022-08-16,2025-12-31,820,150,180,69444.44444444444,86113.83353175888,-50724.13192853544,-65.16857841380424,449,16669.389087314463,20.32852327721276,1378.2775326799217,1.6808262593657581,436.0,0.5317073170731708,1722846.9158499022,2101.032824207198,80,0.0975609756097561,24.003920285732793,7.02553764460472,0.02623695052740463,3.0838400464851636,0.1318035577931132,1.1066946396805684,0.3683357972505381,0.09287690701850644,301338.SZ
2023-02-09,2025-12-31,705,133,137,69444.44444444444,64762.39341955175,-31872.323332252403,-43.18616260030485,393,-4682.051024892686,-6.641207127507355,1013.92322327134,1.4381889691792058,451.0,0.6397163120567376,1267404.0290891752,1797.7362114740074,56,0.07943262411347518,-6.74215347584547,-2.295201183266543,-0.00990099091815785,2.493874608630737,-0.061504893316236674,0.2418995173476603,-0.1561183738005441,-0.048059058304837525,301419.SZ
2023-07-07,2025-12-31,595,94,114,69444.44444444444,81732.19754226902,-24876.652697863974,-29.000674659777577,493,12287.753097824587,20.651685878696785,587.4935799980312,0.987384168063918,134.0,0.22521008403361345,734366.9749975391,1234.2302100798977,48,0.08067226890756303,17.694364460867384,7.1372226396776,0.027381671696713277,2.0478323523249014,0.20714343799147913,0.4790041760597464,0.6101363043601377,0.18579803326003216,301486.SZ
2023-08-17,2025-12-31,576,87,114,69444.44444444444,101949.9701880342,-49766.4522803419,-63.93773446358235,490,32505.525743589722,56.43320441595438,821.6822336182337,1.4265316555872112,590.0,1.0243055555555556,1027102.792022792,1783.164569484014,49,0.08506944444444445,46.807957070769255,19.503315446153856,0.0666588771185282,3.259031707169225,0.31686555290520957,1.0872063648013424,0.7320865755327963,0.34949020632208083,301511.SZ
2023-10-17,2025-12-31,530,96,113,69444.44444444444,83567.22115080201,-22304.25450502063,-30.435089928730147,467,14122.77670635757,26.646748502561454,693.2176045512731,1.3079577444363644,214.0,0.4037735849056604,866522.005689091,1634.9471805454548,48,0.09056603773584905,20.336798457154902,9.209116282485239,0.03492910930281517,2.1718521420372916,0.24915113880775203,0.9700939743269237,0.6682023448847231,0.26056692563667894,301517.SZ
2024-10-31,2025-12-31,287,61,62,69444.44444444444,61728.71928467924,-18384.59553103173,-22.948239719356035,342,-7715.725159765202,-26.884059790122656,459.52975632275394,1.6011489767343343,64.0,0.2229965156794425,574412.1954034425,2001.436220917918,27,0.09407665505226481,-11.110644230061883,-9.291131063466382,-0.04103755514229037,1.5069549993344349,-0.4218779398332557,-0.7249377465073309,-0.48416106707698564,-0.46380397129951323,301628.SZ
2021-10-08,2025-12-31,1030,130,161,69444.44444444444,108517.77080034994,-117864.37839999999,-52.06434288937204,85,39073.32635590552,37.93526830670439,3062.7262280387367,2.9735206097463465,16110.0,15.640776699029127,3828407.785048421,3716.900762182933,83,0.08058252427184466,56.26558995250392,13.11042872679703,0.04333853139293027,3.6300517254550946,0.1849553924060002,0.7246251436216583,1.080693365746665,0.16481371588387836,600103.SH
2021-10-08,2025-12-31,1030,178,198,69444.44444444444,98444.65354632656,-44902.668086346646,-48.70904963009124,536,29000.20910188211,28.15554281736127,1941.1578138872705,1.8846192367837578,4988.0,4.842718446601942,2426447.267359088,2355.7740459796973,87,0.08446601941747572,41.76030110671025,9.730555597680059,0.033880332517104185,2.5168065767688876,0.2085467589188735,0.9427333932889839,0.8573417347258562,0.22340614019085053,600105.SH
2021-10-08,2025-12-31,1030,139,162,69444.44444444444,115577.75418222498,-31972.453165904473,-22.494541572526835,249,46133.309737780575,44.789621104641334,1475.730189497238,1.4327477567934348,884.0,0.858252427184466,1844662.7368715475,1790.9346959917937,64,0.062135922330097085,66.43196602240397,15.479293053764033,0.04945790557762397,1.4202718843462085,0.5394731720078013,0.4017626924459792,2.953248271729131,0.6104714629790312,600171.SH
2021-10-08,2025-12-31,1030,234,251,69444.44444444444,119427.04636944627,-29737.388757542678,-32.195031567200154,573,49982.60192500183,48.52679798543867,2349.189278197019,2.280766289511669,1615.0,1.5679611650485437,2936486.597746274,2850.957861889586,91,0.0883495145631068,71.97494677200265,16.77086138376761,0.05263870115668456,1.91451091434316,0.4259444256357718,1.0569064065479497,2.2355917440792235,0.6127689070349263,600183.SH
2021-10-08,2025-12-31,1030,155,197,69444.44444444444,107302.9757581051,-43876.33174497218,-41.396393296732526,567,37858.53131366064,36.75585564433072,2060.30306145292,2.0002942344203105,1654.0,1.6058252427184465,2575378.82681615,2500.3677930253884,84,0.08155339805825243,54.51628509167135,12.702823710680702,0.04224556406981209,1.7917981320604144,0.36525624882837854,0.9153360161880164,1.3169332096372366,0.3499168002492631,600487.SH
2021-10-08,2025-12-31,1030,181,179,69444.44444444444,199063.83119110687,-38998.482088134886,-24.524415216979236,160,129619.38674666236,125.84406480258482,2223.85985763966,2.1590872404268544,1629.0,1.5815533980582523,2779824.8220495745,2698.8590505335674,68,0.06601941747572816,186.65191691519394,43.49170879577335,0.1022425689947771,2.0121391829438675,0.7871896146088443,1.501826350480397,7.610861064934479,0.9295410715788645,600498.SH
2021-10-08,2025-12-31,1030,165,176,69444.44444444444,100832.43232373,-32537.281600000002,-30.50019947989015,68,31387.987879285567,30.473774640083075,1853.1191701774883,1.799144825415037,1552.0,1.5067961165048545,2316398.9627218605,2248.9310317687964,71,0.06893203883495146,45.19870254617122,10.53173651561271,0.03620708550779141,1.6006618257716356,0.350428646272696,0.7264386740251929,1.481914981440443,0.35186715476019575,600522.SH
2021-10-08,2025-12-31,1025,179,182,69444.44444444444,85248.58611554607,-28208.279931350116,-24.98413744408673,46,15804.141671101637,15.418674801074769,1961.6888699248125,1.9138427999266463,826.0,0.8058536585365854,2452111.087406015,2392.3034999083075,76,0.07414634146341463,22.757964006386366,5.328694011251442,0.02000433741180722,1.6770281807134664,0.1847946660380678,0.17983309752369803,0.9108965261385377,0.2233984541671197,600584.SH
2021-10-08,2025-12-31,1030,138,161,69444.44444444444,69932.8883923837,-30268.818399999975,-36.604658037074266,127,488.4439479392622,0.4742174251837497,2146.3307466498186,2.083816258883319,1792.0,1.7398058252427184,2682913.4333122736,2604.7703236041493,73,0.070873786407767,0.7033592850325343,0.16388954214350315,0.0006804827684460108,1.8395399137780697,0.0057307773750006836,0.3731091511144699,0.01921502133198872,0.0025440783864429098,600703.SH
2021-10-08,2025-12-31,1030,204,225,69444.44444444444,325307.3324128984,-33254.99999999994,-32.28874907184375,20,255862.88796845387,248.4105708431591,2669.2573494553744,2.5915119897624996,2722.0,2.6427184466019416,3336571.686819218,3239.3899872031243,85,0.0825242718446602,368.4425586745737,85.85069328339581,0.14992653410572498,2.164720610338242,1.0729568831616405,2.3165766895006596,11.410865061844742,1.8184371236714705,601138.SH
2021-10-08,2025-12-31,1030,176,234,69444.44444444444,62341.84159544803,-47755.95872629156,-53.20059181702022,1034,-7102.602848996394,-6.895730921355722,2643.8868651201055,2.566880451572918,2173.0,2.1097087378640778,3304858.581400132,3208.6005644661473,110,0.10679611650485436,-10.227748102554823,-2.383164606420541,-0.010475170616000404,2.022435918244941,-0.080240191500668,0.4721354163571353,-0.19224876553502376,-0.04830649565641885,601231.SH
2021-10-08,2025-12-31,1030,198,203,69444.44444444444,176220.26537389832,-50157.42159999997,-24.588021468058002,88,106775.82092945388,103.66584556257658,2004.6575469114273,1.9462694630208033,746.0,0.7242718446601941,2505821.933639284,2432.836828776004,81,0.07864077669902912,153.7571821384136,35.826916226426476,0.09040850951078669,2.0644381746318765,0.6784425050716753,1.5037903855715504,6.2533369078987375,1.3078342332022255,601869.SH
2021-10-08,2025-12-31,1030,180,209,69444.44444444444,107644.00990465419,-43123.60995790277,-43.578755958035764,790,38199.56546020973,37.086956757485176,1871.7816322592946,1.817263720640092,2915.0,2.8300970873786406,2339727.040324118,2271.5796508001145,87,0.08446601941747572,55.00737426270204,12.817252255386883,0.04255364132891849,2.135594739412084,0.30869067271210077,0.5043762392205448,1.2622520550075242,0.3059398139820716,603011.SH
2021-10-08,2025-12-31,1023,165,216,69444.44444444444,58233.65591913289,-46480.255973298954,-57.24312137900649,784,-11210.788525311547,-10.958737561399362,2395.417375046555,2.341561461433583,963.0,0.9413489736070382,2994271.7188081937,2926.9518267919784,97,0.09481915933528837,-16.143535476448623,-3.787339701219618,-0.01721051851466213,2.425644556296247,-0.10991891027704234,0.34975179981678595,-0.2820170369390295,-0.07689985593548183,603031.SH
2022-10-11,2025-12-31,786,138,182,69444.44444444444,48740.84222419675,-33079.060532074815,-41.75028285889584,443,-20703.602220247703,-26.3404608400098,1757.4960849082718,2.236000108025791,1055.0,1.3422391857506362,2196870.1061353395,2795.0001350322386,82,0.10432569974554708,-29.813187197156676,-9.103263266307383,-0.04503940768626422,2.1883822154291868,-0.3188416989721094,-0.4439418257451853,-0.7140834781387428,-0.22002997317666076,603052.SH
2021-10-08,2025-12-31,1030,175,198,69444.44444444444,411638.5496812472,-117869.50794333551,-40.23111337627894,526,342194.1052368037,332.2272866376735,1937.7082531411286,1.8812701486807073,1126.0,1.0932038834951456,2422135.3164264103,2351.5876858508836,88,0.0854368932038835,492.759511540996,114.81775026197965,0.17277850342638543,2.165554098584334,1.2360222573806503,0.9897904202085981,12.248219603873473,1.9239238662172051,603083.SH
2021-10-08,2025-12-31,1030,177,193,69444.44444444444,98686.2922225534,-26752.3128,-27.82059132688052,108,29241.847778108953,28.390143473892188,1999.2608944020037,1.9410299945650522,1011.0,0.9815533980582525,2499076.118002505,2426.2874932063155,83,0.08058252427184466,42.10826080047691,9.811633584577145,0.03411834768323085,1.58071760121782,0.3343792522471163,0.8388000501671956,1.5135645502901842,0.295500884567519,603203.SH
2021-10-08,2025-12-31,1030,175,200,69444.44444444444,78239.88489352117,-24307.028541449516,-27.494670476534726,245,8795.440449076761,8.539262571919185,2142.855952645793,2.080442672471644,2004.0,1.945631067961165,2678569.94080724,2600.5533405895535,86,0.08349514563106795,12.665434246670504,2.951169144855263,0.011577910886210692,1.8857367265124898,0.09511625968933064,-0.38813183429087095,0.4606505197972747,0.12080407614089266,603220.SH
2021-10-08,2025-12-31,1030,192,215,69444.44444444444,133686.78741643968,-29205.080732859875,-26.51410961856086,122,64242.34297199522,62.371206768927394,1935.7214346330788,1.879341198672892,960.0,0.9320388349514563,2419651.793291348,2349.1764983411144,91,0.0883495145631068,92.50897387967316,21.55548905934132,0.06358957128251719,1.9534556069306326,0.5042988429240592,1.0467723070940425,3.4890469719908475,0.7529132614697164,603228.SH
2021-10-08,2025-12-31,1030,136,177,69444.44444444444,77985.03820263407,-38192.61483366907,-53.34994035435798,836,8540.59375818961,8.291838600184088,1342.0742423623567,1.3029847013226763,326.0,0.31650485436893205,1677592.802952946,1628.7308766533456,70,0.06796116504854369,12.298455011793074,2.8656594202236287,0.011261157084956449,2.150641135546184,0.08111864527874488,0.8947687805620959,0.23052425045098393,0.05717017870086479,603267.SH
2021-10-08,2025-12-31,1020,156,189,69444.44444444444,41495.944094737,-44943.74285171132,-57.74427343352937,824,-27948.500349707425,-27.40049053892885,1745.9303904947687,1.711696461269381,694.0,0.6803921568627451,2182412.988118461,2139.620576586726,96,0.09411764705882353,-40.24584050357871,-9.469609530253814,-0.0504834688820213,2.1075345598129323,-0.3710907293614272,0.09820961424336407,-0.6969667832067631,-0.16831098237380188,603306.SH
2021-10-08,2025-12-31,1030,183,231,69444.44444444444,21766.038638232603,-58308.3391567826,-80.91091263715757,1263,-47678.40580621185,-46.28971437496296,3497.286613220069,3.395423896330164,5840.0,5.669902912621359,4371608.266525086,4244.279870412704,115,0.11165048543689321,-68.65690436094505,-15.997725287987196,-0.11263846387993115,4.056657726420454,-0.43015400772724105,-0.13603575651993685,-0.8485493751483779,-0.1784691575555372,603328.SH
2021-10-08,2025-12-31,1030,167,187,69444.44444444444,54546.48654518067,-29485.785997940213,-37.08723768874718,840,-14897.957899263765,-14.464036795401714,1854.7564067264757,1.8007343754625977,1464.0,1.4213592233009709,2318445.5084080943,2250.9179693282467,81,0.07864077669902912,-21.45305937493983,-4.998771116490834,-0.023444055355961745,1.6998464719572757,-0.2136626747394556,-0.20205180877369616,-0.5784485637615715,-0.1368947831032579,603738.SH
2021-10-08,2025-12-31,1030,192,231,69444.44444444444,109047.36245261494,-22792.560372312175,-21.983643221097974,228,39602.91800817048,38.44943495938882,1757.7043944412583,1.7065091208167555,1254.0,1.2174757281553399,2197130.4930515727,2133.1364010209445,88,0.0854368932038835,57.02820193176552,13.288124721964781,0.04381118770556187,1.8844580722387039,0.36016720745531117,0.8623837899758451,2.594119698823844,0.5786139241463546,603773.SH
2021-10-08,2025-12-31,1030,176,192,69444.44444444444,93015.20309762795,-84962.6504,-50.56012566812767,311,23570.758653183482,22.884231702119887,1795.6083880149813,1.7433091145776518,2734.0,2.654368932038835,2244510.4850187264,2179.1363932220647,81,0.07864077669902912,33.941892460584256,7.908790476252642,0.028372415685502035,2.350368219361604,0.18701051611644096,0.17687575574933842,0.671317406989372,0.1842156646871857,603803.SH
2021-10-08,2025-12-31,1027,191,225,69444.44444444444,91038.47083770801,-23861.73344342597,-29.566351710432386,69,21594.02639326357,21.026315864910977,1885.884469240948,1.8363042543728803,1190.0,1.1587147030185005,2357355.5865511848,2295.3803179661,95,0.09250243427458617,31.095398006299547,7.266694762913233,0.02636369048088261,1.8972948527480196,0.21526677106436257,0.6387305852262197,1.0517157581984538,0.28451897461429976,603920.SH
2021-10-08,2025-12-31,1030,158,184,69444.44444444444,66271.14340762854,-48298.758376517406,-54.3754678002213,763,-3173.301036815881,-3.0808747930251275,1980.2458129353236,1.9225687504226443,2290.0,2.2233009708737863,2475307.266169154,2403.210938028305,89,0.08640776699029126,-4.569553493014899,-1.064750328469491,-0.004541020648010248,2.3554505653669144,-0.029866553097093906,0.3766382931770122,-0.08403704239940905,-0.020522648144335767,603936.SH
2021-10-08,2025-12-31,1030,131,158,69444.44444444444,44004.44839440221,-43071.22866499357,-49.464132946808974,415,-25439.99605004223,-24.699025291303137,1929.8927236974687,1.87368225601696,1246.0,1.2097087378640776,2412365.9046218353,2342.1028200211995,82,0.07961165048543689,-36.633594312060815,-8.535983140674364,-0.04429479065236802,1.5735402573167505,-0.4360943057482438,-1.045635550377466,-0.740609248148645,-0.17231719722394778,603960.SH
2021-10-08,2025-12-31,1030,201,210,69444.44444444444,34666.917587577205,-42940.03501155517,-58.39661376666477,1027,-34777.52685686725,-33.76458918142451,2702.558851673931,2.6238435453144957,1594.0,1.5475728155339805,3378198.564592414,3279.8044316431206,104,0.10097087378640776,-50.07963867388882,-11.669042021100308,-0.06745060425727435,2.6237935507087005,-0.39825552114721785,-0.42491696303451043,-0.8575777848008779,-0.14587626630231226,605058.SH
2021-10-08,2025-12-31,1030,144,179,69444.44444444444,69912.15808666372,-25875.2427546103,-33.67837235215881,524,467.71364221928525,0.4540909147760051,1587.4454727080583,1.54120919680394,642.0,0.6233009708737864,1984306.8408850725,1926.5114960049248,70,0.06796116504854369,0.6735076447957677,0.15693382014658666,0.0006516987520481871,1.7335208684816483,0.005824027756037378,0.20859479519445484,0.01999822431301658,0.004798433145919581,605358.SH
2021-10-08,2025-12-31,1030,180,200,69444.44444444444,134715.59140012471,-31412.39722144378,-37.78279784566054,205,65271.146955680284,63.37004558803911,1246.1570892200502,1.2098612516699516,276.0,0.26796116504854367,1557696.361525063,1512.3265645874396,81,0.07864077669902912,93.9904516161796,21.900687755226315,0.06433385955249188,2.022057691504649,0.49289190450078735,1.4935579240622607,2.4876519732636653,0.49469848375152853,688025.SH
2022-04-01,2025-12-31,911,130,150,69444.44444444444,108383.52087879987,-21306.100000000006,-26.194490684117778,371,38939.076434355455,42.74322330884243,891.0157090465295,0.978063346922645,192.0,0.21075740944017562,1113769.6363081618,1222.579183653306,66,0.07244785949506037,56.07227006547182,14.772057975535935,0.048863774273946434,1.6982444062448556,0.44575111403263307,0.5792255247220732,2.140613106078429,0.42108690826064027,688048.SH
2021-10-08,2025-12-31,1030,177,202,69444.44444444444,58030.3039018904,-44688.043848801564,-57.331394681176086,980,-11414.140542554025,-11.081689847139831,1549.6372026719057,1.5045021385164132,678.0,0.658252427184466,1937046.5033398822,1880.6276731455168,88,0.0854368932038835,-16.436362381277814,-3.829832011171529,-0.0174331764303295,1.8554299846237774,-0.1455585013623727,0.4462888571385237,-0.2866904332727571,-0.07837469126719228,688097.SH
2021-10-08,2025-12-31,1030,151,213,69444.44444444444,62797.20290464247,-34831.55122693067,-50.033737815703795,1284,-6647.241539801978,-6.453632562914542,1391.8276784158415,1.3512890081707198,236.0,0.229126213592233,1739784.598019802,1689.1112602134,91,0.0883495145631068,-9.572027817314833,-2.2303754137432623,-0.009768596082810273,2.022702594441553,-0.07481793922353011,0.7263250775252917,-0.19131146772549376,-0.04346269519987257,688099.SH
2022-03-16,2025-12-31,923,191,224,69444.44444444444,92368.247014586,-58696.05934221364,-62.14643915182141,966,22923.802570141557,24.83618913341447,1937.8646327756328,2.099528312866341,2518.0,2.7280606717226434,2422330.790969541,2624.4103910829263,100,0.10834236186348863,33.010275701003856,8.583386964508044,0.030905330461429684,2.868011399126132,0.166939127539904,1.3681277886886913,0.5311692214635338,0.16514306717527003,688102.SH
2022-12-12,2025-12-31,733,127,153,69444.44444444444,78985.928261063,-24213.522075041772,-32.46073059499929,463,9541.483816618556,13.017031127719722,841.6287460428376,1.1481974707269271,357.0,0.4870395634379263,1052035.932553547,1435.246838408659,61,0.08321964529331514,13.739736695930738,4.498685957739942,0.017563798216005545,2.0737036348933624,0.13121315281917822,0.8103392366390506,0.4232725648524806,0.11161586147670312,688143.SH
2021-12-24,2025-12-31,975,134,166,69444.44444444444,98722.24407576257,-27747.67461883054,-31.967419997398068,721,29277.799631318136,30.028512442377576,1049.6423904856294,1.076556297933979,140.0,0.14358974358974358,1312052.9881070368,1345.6953724174737,73,0.07487179487179488,42.16003146909812,10.377853900085691,0.03608033017663823,1.6961338102904793,0.3295459757997589,0.7731410963482497,1.3188437312904722,0.2514241796326527,688167.SH
2022-04-29,2025-12-31,893,129,134,69444.44444444444,107585.45461140768,-32222.9696820116,-41.163559714810816,331,38141.01016696324,42.71109761138101,1134.5321928046421,1.2704727802963518,444.0,0.49720044792833146,1418165.2410058025,1588.0909753704395,64,0.07166853303471445,54.92305464042708,14.760955334493282,0.04902109585649026,2.2899765236354046,0.33163289825106024,1.0201551278953807,1.33426397087484,0.3191489643669875,688170.SH
2021-10-08,2025-12-31,1030,206,228,69444.44444444444,135575.32557328432,-33264.62129217535,-33.23466615092957,386,66130.88112883992,64.20473896003875,1816.6013428811816,1.763690624156487,1670.0,1.6213592233009708,2270751.6786014773,2204.613280195609,84,0.08155339805825243,95.22846882552945,22.189157784589383,0.06495148754851664,1.96946355788877,0.5109127885696284,0.8754682476276221,2.865335502185146,0.5853768498448464,688183.SH
2021-10-08,2025-12-31,1020,163,203,69444.44444444444,120535.59822257704,-41601.42189691364,-37.79779496995124,276,51091.15377813258,50.089366449149594,1392.251245720962,1.3649522016872178,524.0,0.5137254901960784,1740314.0571512026,1706.1902521090221,92,0.09019607843137255,73.57126144051097,17.310885044826108,0.054060593905549424,2.266643882353936,0.3694903844618696,0.9363007219902344,1.946443211806381,0.3595030067110263,688195.SH
2022-08-09,2025-12-31,825,128,147,69444.44444444444,109371.95645702793,-34678.539943374315,-37.28419832616688,520,39927.5120125835,48.39698425767697,870.0991228013233,1.0546656033955435,296.0,0.35878787878787877,1087623.903501654,1318.332004244429,61,0.07393939393939394,57.49561729812023,16.725997759453158,0.05505787214688785,2.14737983245558,0.39720634175588926,0.7618464541827026,1.5420907483417319,0.4375089136383233,688205.SH
2021-10-08,2025-12-31,1030,186,210,69444.44444444444,128546.85901170668,-34011.037065301774,-32.20443519699374,786,59102.41456726224,57.38098501675945,1441.1866881699661,1.3992103768640447,900.0,0.8737864077669902,1801483.3602124578,1749.012971080056,83,0.08058252427184466,85.10747697685763,19.83086842179207,0.059783148255526414,1.7224820096542817,0.5376872124753858,0.7230536829967035,2.642725340663709,0.5002506437565374,688226.SH
2021-10-08,2025-12-31,1021,209,211,69444.44444444444,190893.63587716303,-30556.146399999998,-20.857868069694327,119,121449.19143271862,118.95121589884292,1608.1637130279596,1.5750868883721445,1432.0,1.4025465230166503,2010204.6412849496,1968.8586104651808,85,0.0832517140058766,174.8868356631148,41.10954021464011,0.09903911070585597,1.8712825488317553,0.8199228419597896,1.1505231753725256,8.38469373182097,1.3704726029048442,688313.SH
2021-10-08,2025-12-31,1030,181,172,69444.44444444444,135036.56215903143,-27390.33613122438,-24.157235027679054,122,65592.11771458697,63.681667684065026,1278.9153844171062,1.2416654217641807,706.0,0.6854368932038835,1598644.2305213825,1552.0817772052258,65,0.06310679611650485,94.45264950900527,22.00838435161288,0.06456490292988767,1.799987306027986,0.5556901272792988,0.8971590123454714,3.909911436502672,0.6173096202054468,688328.SH
2022-08-02,2025-12-31,830,112,142,69444.44444444444,124087.0940444445,-24849.563999999984,-33.7095826272098,588,54642.64960000002,65.83451759036147,1291.3504000000003,1.5558438554216871,944.0,1.1373493975903615,1614188.0,1944.8048192771084,61,0.07349397590361446,78.6854154240001,22.752409279228942,0.069934532287195,2.115075271302471,0.512237616406564,1.3272307994679626,2.3342150596811773,0.4808935952142585,688371.SH
2021-10-08,2025-12-31,1030,146,160,69444.44444444444,133053.65609492993,-42083.30686940302,-41.66421200337917,789,63609.21165048548,61.75651616551988,1745.4314332404115,1.694593624505254,1098.0,1.0660194174757283,2181789.2915505143,2118.242030631567,74,0.07184466019417475,91.59726477669912,21.34305198680368,0.06312867997582944,2.053236398974982,0.4763140305451484,1.0507008798379707,2.198463870366014,0.29693895630058725,688379.SH
2022-08-23,2025-12-31,805,100,130,69444.44444444444,59372.46117931998,-32303.529488257707,-43.995397523388604,699,-10071.983265124467,-12.511780453570767,1113.535339306979,1.3832737134248188,548.0,0.6807453416149069,1391919.1741337238,1729.0921417810234,59,0.07329192546583851,-14.503655901779222,-4.324071324754054,-0.019465412427914257,2.415197807888959,-0.12485804336873908,0.22707541874007003,-0.3296630265488308,-0.04739079217956343,688381.SH
2021-10-08,2025-12-31,1030,121,137,69444.44444444444,141516.0807781078,-27716.000000000015,-29.902394689568503,9,72071.63633366337,69.97246245986734,1096.387181188119,1.0644535739690475,642.0,0.6233009708737864,1370483.9764851485,1330.5669674613093,54,0.05242718446601942,103.78315632047529,24.182483026130164,0.0691151731360161,1.8743350819951436,0.5712573319410903,1.1549778343526145,3.4707306019434023,0.4030699097167068,688388.SH
2022-07-06,2025-12-31,849,140,167,69444.44444444444,124424.7522527877,-43807.788,-40.52452218469451,85,54980.30780834328,64.7589020121829,1308.8697840286054,1.541660523001891,612.0,0.7208480565371025,1636087.230035757,1927.075653752364,67,0.07891637220259129,79.1716432440143,22.3806765354104,0.06868952428804771,2.384455555135408,0.44627945872769476,0.6988664506063198,1.9536724673317978,0.42213292871510744,688400.SH
2022-12-21,2025-12-31,735,83,71,69444.44444444444,194685.33784470015,-30252.343514703796,-15.564743936850448,6,125240.89340025574,170.39577333368126,409.76898076431314,0.5575088173664124,32.0,0.04353741496598639,512211.22595539136,696.8860217080155,20,0.027210884353741496,180.34688649636826,58.888779264120245,0.14025272527160657,1.7163051515641574,1.2659671125314595,1.553927315703294,11.586884257657871,2.1267572164333832,688498.SH
2021-10-08,2025-12-31,1030,153,162,69444.44444444444,103609.06988153871,-32362.893715148777,-30.502446752460276,304,34164.625437094306,33.16953925931486,1348.422361760916,1.3091479240397241,377.0,0.36601941747572814,1685527.9522011448,1636.434905049655,72,0.06990291262135923,49.19706062941576,11.463392768019206,0.038844446671094775,1.594125748213419,0.37749567803769274,0.5377219643754673,1.6128889930919266,0.2915632789697434,688516.SH
2021-10-08,2025-12-31,1030,167,196,69444.44444444444,84182.35724907945,-36281.90141367324,-41.900055879897685,613,14737.912804635005,14.3086532083835,1441.8809381228275,1.3998844059444928,868.0,0.8427184466019417,1802351.1726535342,1749.8555074306157,75,0.07281553398058252,21.222594438674424,4.945070548817341,0.018685271168339696,1.8628840479394695,0.15538861720222466,0.25813678807164653,0.5065051583584248,0.08762787867970266,688518.SH
2021-10-08,2025-12-31,1030,152,211,69444.44444444444,64147.69336732506,-28620.616938733692,-40.158992924760554,975,-5296.751077119368,-5.142476773902299,1422.5103811309814,1.3810780399329916,642.0,0.6233009708737864,1778137.9764137263,1726.3475499162391,96,0.09320388349514563,-7.627321551051902,-1.7772399730606374,-0.007702809596762328,1.9210605761076516,-0.06211746502593451,0.15304152865519588,-0.18992810814110772,-0.038316556446083165,688519.SH
2021-10-08,2025-12-31,1010,51,61,69444.44444444444,64550.47404444445,-13194.228799999983,-16.97122545622133,186,-4893.970399999995,-4.845515247524747,422.97040000000004,0.41878257425742577,44.0,0.04356435643564356,528713.0,523.4782178217822,29,0.028712871287128714,-7.0473173759999845,-1.6746100695445507,-0.00723560507931882,0.8345027627925214,-0.1343237157329959,-0.4418086975840366,-0.41525094308475946,-0.07588799453863478,688536.SH
2021-10-08,2025-12-31,1030,157,186,69444.44444444444,49833.66090545333,-35168.499677151325,-47.319949317382154,523,-19610.783538991123,-19.039595668923422,1827.8167734124631,1.7745793916625856,2343.0,2.274757281553398,2284770.966765579,2218.224239578232,95,0.09223300970873786,-28.2395282961472,-6.58008426317993,-0.03221712571898812,2.481162274483835,-0.20115796964270596,-0.2911720717375148,-0.5967784983610265,-0.09691313996423373,688609.SH
2023-06-27,2025-12-31,613,109,122,69444.44444444444,80794.73347917497,-24440.329599999997,-26.64552493855586,115,11350.289034730535,18.515969061550628,695.1001868263473,1.13393178927626,218.0,0.3556280587275693,868875.2335329341,1417.4147365953247,61,0.09951060358890701,16.34441621001197,6.399118907671897,0.024695711466459637,1.85947250368357,0.20574884337976312,0.3040170308549184,0.6134019220001079,0.21816417600479854,688629.SH
2021-10-08,2025-12-31,1021,181,173,69444.44444444444,97249.71893692724,-21412.0,-22.670283781391976,5,27805.274492482786,27.233373645918498,1556.8303161530912,1.5248093204241833,1412.0,1.3829578844270323,1946037.895191364,1906.0116505302292,71,0.06953966699314397,40.039595269175244,9.411853932029441,0.03298286189867581,1.9117954834543789,0.267271423014383,0.4338133674432156,1.7661708894019312,0.23895760719316397,688655.SH
2021-10-08,2025-12-31,1030,154,186,69444.44444444444,128741.0424546022,-32676.91289819163,-29.141824241925974,412,59296.598010157715,57.56951263122108,1220.5591656791075,1.1850088987175802,426.0,0.41359223300970877,1525698.957098884,1481.2611233969749,75,0.07281553398058252,85.38710113462717,19.89602356535002,0.059929698209242654,1.9323391689181073,0.4804678740483989,0.7378900500894968,2.930053397679265,0.45445325810996545,688662.SH
2021-10-08,2025-12-31,1030,167,199,69444.44444444444,120184.1047266695,-29242.54791395573,-28.759362437500215,297,50739.66028222504,49.261806099247615,1609.822244758095,1.5629342182117427,897.0,0.870873786407767,2012277.8059476186,1953.6677727646781,86,0.08349514563106795,73.06511080640409,17.02488018789998,0.053252203955891364,1.3433363992143958,0.6141273301032362,0.34850828659463784,2.540567822572181,0.638848476721145,688685.SH
2024-11-19,2025-12-31,274,33,43,69444.44444444444,64299.57884444444,-17547.505599999997,-21.439377736064337,156,-5144.865600000002,-18.776881751824824,274.86560000000003,1.0031591240875914,100.0,0.36496350364963503,343582.0,1253.948905109489,17,0.06204379562043796,-7.408606464,-6.489290333430657,-0.028092697456634296,1.3476315696604684,-0.3229444956591528,-0.5003303555425342,-0.34556070400950034,-0.24436652258439,920060.BJ
2021-11-15,2025-12-31,1004,158,185,69444.44444444444,147134.16932997055,-54461.386075661925,-33.43094422201848,8,77689.72488552606,77.38020406924906,1661.248637340479,1.6546301168729871,2058.0,2.049800796812749,2076560.7966755985,2068.2876460912335,74,0.07370517928286853,111.87320383515763,26.742598526332497,0.07478265086020992,2.9272600388419154,0.3957720974887099,0.5684739827361162,3.34639677216999,0.3478287574857379,920509.BJ
2022-07-06,2025-12-31,849,123,154,69444.44444444444,238302.85455986095,-67012.8561803957,-46.726673940076644,156,168858.4101154165,198.89094242098528,1305.0761635575363,1.5371921832244244,2326.0,2.739693757361602,1631345.2044469204,1921.4902290305306,59,0.06949352179034157,243.1561105661998,68.73670970069251,0.1452314829779003,3.8155512273894585,0.5896700962951069,0.40656247407838364,5.203796676776712,0.4405391681232328,920821.BJ
2021-11-15,2025-12-31,1004,112,160,69444.44444444444,69142.56903511586,-44368.717364735436,-39.087494091506976,622,-301.875409328597,-0.3006727184547779,1357.282158265356,1.3518746596268485,988.0,0.9840637450199203,1696602.697831695,1689.8433245335607,69,0.06872509960159362,-0.4347005894331568,-0.10391249149796578,-0.0004339125094665514,1.7788494954237837,-0.0037789277332305393,-0.7097412159142089,-0.011121219191373273,-0.0019417317081162886,920981.BJ
